brand,model,year,mileage,transmission,price
Daihatsu,AYLA X 1.2,2018,10508.0,Manual,101000000
Toyota,AGYA TRD SPORTIVO 1.0,2015,112888.0,Manual,82000000
Nissan,X-TRAIL 2.5,2015,118429.0,Automatic,169000000
Toyota,YARIS S TRD 1.5,2020,15945.0,Automatic,218000000
Toyota,AGYA G 1.2,2019,30404.0,Manual,117000000
Toyota,AVANZA G 1.3,2021,17306.0,Manual,180000000
Toyota,AVANZA G 1.5,2022,12211.0,Manual,211000000
Mitsubishi,OUTLANDER SPORT PX 2.0,2016,126885.0,Automatic,190000000
Honda,BRIO SATYA E 1.2,2019,33464.0,Manual,140000000
Honda,HR-V S 1.5,2021,33364.0,Automatic,248000000
Toyota,AGYA G TRD 1.2,2018,44969.0,Manual,117000000
Daihatsu,AYLA R 1.2,2019,43292.0,Manual,114000000
Daihatsu,AYLA R 1.2,2019,57385.0,Manual,110000000
Daihatsu,AYLA R DLX 1.2,2017,53151.0,Automatic,115000000
Toyota,AGYA G TRD 1.2,2019,46182.0,Manual,118000000
Wuling,ALMAZ LT LUX 1.5,2019,58152.0,Automatic,198000000
Daihatsu,TERIOS TX 1.5,2015,118704.0,Manual,141000000
Toyota,AGYA G TRD 1.2,2018,78385.0,Manual,117000000
Honda,MOBILIO E 1.5,2018,45376.0,Manual,155000000
Daihatsu,AYLA R 1.2,2018,37343.0,Manual,108000000
Daihatsu,AYLA R 1.2,2017,61937.0,Manual,105500000
Daihatsu,AYLA R 1.2,2018,47085.0,Manual,111000000
Suzuki,ERTIGA GL 1.5,2022,178000.0,Manual,190000000
Daihatsu,AYLA R 1.2,2019,10301.0,Manual,114000000
Honda,CR-V TURBO 1.5,2017,75302.0,Automatic,340000000
Wuling,CONFERO 2WD 1.5,2020,18298.0,Manual,101500000
Wuling,ALMAZ LT LUX 1.5,2019,50387.0,Automatic,202000000
Nissan,LIVINA VL 1.5,2019,64235.0,Automatic,197000000
Toyota,CALYA G 1.2,2021,44473.0,Automatic,138000000
Honda,BRIO SATYA E 1.2,2018,24577.0,Manual,135000000
Daihatsu,TERIOS R 1.5,2019,42320.0,Manual,193000000
Toyota,AVANZA G 1.3,2015,81158.0,Manual,127000000
Honda,HR-V S 1.5,2018,64753.0,Automatic,208000000
Mitsubishi,XPANDER ULTIMATE 1.5,2019,72887.0,Automatic,216000000
Mitsubishi,XPANDER ULTIMATE 1.5,2018,77425.0,Automatic,204000000
Daihatsu,AYLA X 1.0,2016,63175.0,Manual,89000000
Toyota,AGYA G TRD 1.2,2020,43689.0,Manual,123000000
Daihatsu,AYLA X 1.2,2019,85583.0,Manual,107000000
Toyota,CALYA G 1.2,2020,54512.0,Manual,133000000
Honda,HR-V E 1.5,2019,35177.0,Automatic,248000000
Mitsubishi,OUTLANDER SPORT PX 2.0,2018,57230.0,Automatic,228000000
Mitsubishi,OUTLANDER SPORT GLS 2.0,2014,133127.0,Automatic,157000000
Honda,BRIO SATYA E 1.2,2019,34815.0,Manual,142000000
Toyota,AVANZA G 1.3,2016,98478.0,Manual,143000000
Mitsubishi,OUTLANDER SPORT PX 2.0,2016,91926.0,Automatic,195000000
Honda,HR-V SE 1.5,2018,62209.0,Automatic,254000000
Wuling,ALMAZ S+T 1.5,2019,76950.0,Automatic,199000000
Suzuki,IGNIS GL 1.2,2018,43945.0,Manual,111500000
Wuling,ALMAZ S+T 1.5,2019,27804.0,Automatic,203000000
Daihatsu,AYLA R 1.2,2018,85184.0,Automatic,117000000
Daihatsu,TERIOS R 1.5,2019,40717.0,Manual,193000000
Mitsubishi,XPANDER ULTIMATE 1.5,2019,63130.0,Automatic,213000000
Honda,CR-V TURBO 1.5,2017,64558.00000000001,Automatic,335000000
Honda,HR-V SE 1.5,2018,43740.0,Automatic,255000000
Toyota,KIJANG INNOVA REBORN G 2.0,2017,51254.0,Manual,242000000
Honda,MOBILIO RS 1.5,2016,84060.0,Automatic,155000000
Toyota,KIJANG INNOVA V 2.0,2014,87616.0,Automatic,193000000
Toyota,AGYA G TRD 1.2,2019,53576.0,Manual,122000000
Toyota,KIJANG INNOVA G 2.0,2016,74730.0,Automatic,233000000
Suzuki,IGNIS GL 1.2,2017,79289.0,Manual,110000000
Toyota,AGYA GR SPORT 1.2,2022,5751.0,Manual,143000000
Daihatsu,AYLA R 1.2,2020,15552.0,Manual,123000000
Honda,MOBILIO E 1.5,2014,84575.0,Manual,127000000
Daihatsu,AYLA R 1.2,2018,8691.0,Manual,106000000
Daihatsu,TERIOS X DLX 1.5,2021,29897.0,Automatic,207000000
Honda,BRIO SATYA E 1.2,2020,15855.0,Manual,147000000
Honda,HR-V SE 1.5,2018,83286.0,Automatic,257000000
Honda,BRIO SATYA E 1.2,2018,36455.0,Automatic,139000000
Honda,BRIO RS 1.2,2020,46441.0,Automatic,180000000
Toyota,FORTUNER VRZ 2.4,2016,94919.0,Automatic,365000000
Mazda,CX-5 ELITE 2.5,2019,45271.0,Automatic,426000000
Nissan,GRAND LIVINA XV 1.5,2018,98416.0,Automatic,148000000
Suzuki,ERTIGA GL 1.5,2019,49988.0,Manual,163000000
Toyota,AGYA G 1.0,2017,78175.0,Manual,99000000
Toyota,AGYA G TRD 1.2,2019,56303.0,Automatic,128000000
Suzuki,IGNIS GX 1.2,2021,27044.0,Manual,148000000
Honda,HR-V S 1.5,2019,60978.0,Automatic,231000000
Wuling,CORTEZ C T LUX 1.5,2019,55534.0,Automatic,168000000
Wuling,ALMAZ RS LT LUX + SC CVT 1.5,2021,38223.0,Automatic,273000000
Wuling,CONFERO S 1.5,2019,32630.000000000004,Manual,104000000
Daihatsu,AYLA X 1.0,2019,73528.0,Manual,100000000
Wuling,ALMAZ L TURBO 1.5,2019,43439.0,Automatic,204000000
Daihatsu,AYLA R 1.2,2019,25400.0,Manual,117000000
Toyota,KIJANG INNOVA REBORN VENTURER GASOLINE 2.0,2017,89898.0,Automatic,316000000
Toyota,AGYA G 1.0,2014,95007.0,Manual,87000000
Suzuki,BALENO HATCHBACK 1.4,2019,72458.0,Automatic,176000000
Suzuki,BALENO HATCHBACK 1.4,2019,41091.0,Manual,160000000
Daihatsu,AYLA R DLX 1.2,2018,21880.0,Manual,114000000
Mitsubishi,XPANDER ULTIMATE 1.5,2018,66471.0,Automatic,209000000
Mitsubishi,XPANDER ULTIMATE 1.5,2018,57815.0,Automatic,210000000
Daihatsu,AYLA X 1.0,2018,28113.0,Manual,100000000
Daihatsu,AYLA R 1.2,2020,54801.0,Automatic,136000000
Wuling,ALMAZ LT LUX 1.5,2019,41998.0,Automatic,203000000
Daihatsu,TERIOS X 1.5,2015,115866.0,Manual,148000000
Wuling,ALMAZ LT LUX + SC CVT 1.5,2019,64334.99999999999,Automatic,214000000
Toyota,AVANZA G 1.5,2022,7835.0,Manual,219000000
Honda,BRIO SATYA E 1.2,2019,42586.0,Manual,142000000
Honda,CITY RS HATCHBACK 1.5,2021,18936.0,Automatic,261000000
Honda,HR-V E 1.5,2015,122090.0,Automatic,198000000
Daihatsu,AYLA X ELEGANT 1.0,2017,34014.0,Manual,96000000
Toyota,KIJANG INNOVA G 2.0,2022,25226.0,Automatic,360000000
Daihatsu,AYLA R DLX 1.2,2018,6011.0,Manual,116000000
Toyota,AVANZA E 1.3,2017,70052.0,Automatic,135000000
Toyota,RUSH S TRD SPORTIVO 1.5,2020,53096.0,Automatic,224000000
Honda,MOBILIO E 1.5,2016,66129.0,Manual,136000000
Daihatsu,XENIA R STD 1.3,2019,34359.0,Manual,160000000
Wuling,CORTEZ S T LUX 1.5,2021,42302.0,Automatic,180000000
Wuling,CORTEZ L T LUX 1.5,2021,32320.0,Automatic,206000000
Wuling,ALMAZ LT LUX 1.5,2019,55346.0,Automatic,203000000
Honda,HR-V E 1.5,2018,85936.0,Automatic,232000000
Toyota,FORTUNER VRZ 2.4,2016,112148.0,Automatic,365000000
Mitsubishi,PAJERO SPORT DAKAR 4X2 2.4,2016,95178.0,Automatic,390000000
Honda,CITY RS HATCHBACK 1.5,2021,25160.0,Manual,246000000
Mitsubishi,XPANDER ULTIMATE 1.5,2017,53266.0,Automatic,201000000
Suzuki,XL7 ALPHA 1.5,2020,51694.0,Automatic,210000000
Daihatsu,AYLA X 1.0,2020,56960.0,Manual,100000000
Honda,BRIO SATYA E 1.2,2019,48434.0,Automatic,156000000
Honda,MOBILIO E 1.5,2019,52561.0,Automatic,172000000
Toyota,YARIS G 1.5,2019,65003.0,Automatic,191000000
Toyota,RUSH S TRD SPORTIVO 1.5,2019,74934.0,Automatic,212000000
Honda,MOBILIO E 1.5,2016,82350.0,Automatic,145000000
Toyota,RUSH S 1.5,2018,86251.0,Manual,201000000
Honda,HR-V E 1.5,2018,41320.0,Automatic,232000000
Daihatsu,XENIA X 1.3,2020,36205.0,Manual,163000000
Toyota,RUSH S GR SPORT 1.5,2021,58598.0,Automatic,239000000
Honda,CR-V 2.0,2017,104079.0,Automatic,248000000
Honda,BRIO SATYA E 1.2,2019,81726.0,Automatic,154000000
Honda,HR-V SE 1.5,2019,95389.0,Automatic,266000000
Daihatsu,AYLA R 1.2,2019,57138.0,Manual,115000000
Honda,CR-V TURBO 1.5,2017,117511.0,Automatic,336000000
Toyota,YARIS S TRD 1.5,2019,30898.0,Automatic,218000000
Daihatsu,ROCKY R 1.0,2021,21304.0,Automatic,216000000
Suzuki,ERTIGA GL 1.4,2016,132270.0,Manual,129000000
Toyota,KIJANG INNOVA REBORN V 2.0,2020,67327.0,Automatic,336000000
Honda,BRIO SATYA E 1.2,2018,55240.0,Automatic,142000000
Daihatsu,AYLA R 1.2,2019,17916.0,Manual,117000000
Toyota,RUSH S TRD SPORTIVO 1.5,2020,69785.0,Automatic,232000000
Toyota,YARIS S TRD 1.5,2021,39191.0,Automatic,240000000
Wuling,ALMAZ LT LUX CVT 1.5,2021,9775.0,Automatic,241000000
Daihatsu,AYLA R DLX 1.2,2019,33635.0,Manual,115000000
Toyota,AGYA G 1.0,2016,76931.0,Manual,95000000
Daihatsu,AYLA X 1.0,2017,93445.0,Manual,93000000
Daihatsu,AYLA X 1.0,2018,86462.0,Manual,98000000
Toyota,CALYA G 1.2,2019,40358.0,Manual,124000000
Toyota,RUSH S TRD SPORTIVO 1.5,2018,47810.0,Automatic,207000000
Wuling,CORTEZ T LUX 1.5,2019,72650.0,Automatic,178000000
Mitsubishi,XPANDER EXCEED 1.5,2019,34947.0,Manual,198000000
Mitsubishi,XPANDER ULTIMATE 1.5,2018,98742.0,Automatic,211000000
Suzuki,IGNIS GL 1.2,2019,26233.0,Manual,119000000
Toyota,AGYA G TRD 1.2,2018,55010.0,Automatic,126000000
Suzuki,BALENO HATCHBACK 1.4,2017,24032.0,Manual,152000000
Toyota,AGYA G TRD 1.0,2017,10656.0,Manual,105000000
Daihatsu,AYLA R 1.2,2018,78944.0,Manual,113000000
Mitsubishi,ECLIPSE CROSS ULTIMATE 1.5,2020,42516.0,Automatic,355000000
Honda,BRIO SATYA E 1.2,2020,64684.0,Automatic,159000000
Toyota,AGYA GR SPORT 1.2,2022,22803.0,Automatic,154000000
Daihatsu,AYLA R 1.2,2020,42587.0,Automatic,136000000
Toyota,RUSH S TRD 1.5,2018,67595.0,Automatic,211000000
Daihatsu,TERIOS R 1.5,2018,28869.0,Manual,194000000
Daihatsu,TERIOS X DLX 1.5,2019,70234.0,Manual,192000000
Honda,HR-V E 1.5,2016,65218.99999999999,Automatic,210000000
Honda,HR-V E 1.5,2016,74516.0,Automatic,211000000
Honda,HR-V E PLUS 1.5,2018,71135.0,Automatic,255000000
Mazda,2 GT SKYACTIV 1.5,2015,94312.0,Automatic,184000000
Toyota,RUSH S TRD SPORTIVO 1.5,2019,66029.0,Automatic,219000000
Toyota,KIJANG INNOVA REBORN G 2.0,2017,103601.0,Automatic,248000000
Toyota,AGYA G TRD 1.2,2018,30738.0,Manual,120000000
Toyota,AGYA G TRD 1.2,2018,45824.0,Manual,121000000
Nissan,X-TRAIL 2.0,2016,117889.0,Automatic,190000000
Honda,HR-V E 1.5,2018,54437.0,Automatic,236000000
Toyota,RUSH S TRD SPORTIVO 1.5,2019,51860.0,Manual,213000000
Honda,BRIO RS 1.2,2020,28884.0,Automatic,183000000
Honda,BRIO RS 1.2,2018,21701.0,Automatic,151000000
Suzuki,ERTIGA GX 1.4,2017,110889.0,Manual,149000000
Daihatsu,ROCKY R 1.0,2021,22709.0,Automatic,218000000
Toyota,RUSH S TRD SPORTIVO 1.5,2018,51410.0,Automatic,213000000
Toyota,SIENTA Q 1.5,2018,64808.00000000001,Automatic,199000000
Wuling,CONFERO S L LUX 1.5,2020,12790.0,Manual,127000000
Suzuki,SX4 S-CROSS 1.5,2017,96199.0,Automatic,169000000
Mitsubishi,XPANDER ULTIMATE 1.5,2018,67803.0,Automatic,211000000
Suzuki,ERTIGA SPORT GT 1.5,2019,78472.0,Automatic,196000000
Suzuki,IGNIS GX 1.2,2017,103106.0,Automatic,129000000
Daihatsu,SIGRA R DLX 1.2,2016,99317.0,Automatic,111000000
Daihatsu,SIGRA D 1.0,2019,29119.0,Manual,102000000
Mazda,2 R SKYACTIV 1.5,2016,83081.0,Automatic,174000000
Daihatsu,TERIOS X DLX 1.5,2018,41027.0,Manual,185000000
Honda,HR-V E PLUS 1.5,2018,73712.0,Automatic,256000000
Honda,HR-V E PLUS 1.5,2018,27308.0,Automatic,258000000
Mitsubishi,XPANDER SPORT 1.5,2019,70969.0,Automatic,210000000
Honda,BR-V E 1.5,2016,119436.0,Automatic,164000000
Honda,CITY E 1.5,2017,61556.0,Automatic,205000000
Toyota,KIJANG INNOVA REBORN G 2.0,2018,74520.0,Automatic,261000000
Daihatsu,AYLA R 1.2,2018,81739.0,Automatic,120000000
Honda,BRIO RS 1.2,2018,83538.0,Automatic,151000000
Honda,BRIO SATYA E 1.2,2020,52723.0,Automatic,162000000
Honda,HR-V E PLUS 1.5,2018,94946.0,Automatic,258000000
Honda,CITY RS HATCHBACK 1.5,2021,22670.0,Automatic,262000000
Honda,HR-V E 1.5,2019,68990.0,Automatic,261000000
Mazda,2 R SKYACTIV 1.5,2015,126721.0,Automatic,162000000
Mazda,2 R SKYACTIV 1.5,2015,117682.0,Automatic,166000000
Toyota,AGYA G 1.2,2022,9881.0,Manual,136000000
Mitsubishi,XPANDER ULTIMATE 1.5,2018,61532.0,Automatic,212000000
Mitsubishi,XPANDER ULTIMATE 1.5,2018,47180.0,Automatic,213000000
Nissan,LIVINA VL 1.5,2019,83691.0,Automatic,199000000
Toyota,RUSH S TRD SPORTIVO 1.5,2019,76928.0,Automatic,221000000
Toyota,RUSH S TRD SPORTIVO 1.5,2019,57056.0,Automatic,219000000
Daihatsu,TERIOS R DLX 1.5,2019,72957.0,Automatic,203000000
Daihatsu,XENIA R DLX 1.3,2013,140903.0,Automatic,106000000
Honda,BR-V E PRESTIGE 1.5,2018,85650.0,Automatic,182000000
Toyota,KIJANG INNOVA G LUX 2.0,2010,169237.0,Manual,129000000
Nissan,GRAND LIVINA XV 1.5,2014,142175.0,Automatic,100000000
Daihatsu,SIGRA R DLX 1.2,2017,122574.0,Manual,98000000
Honda,HR-V E 1.5,2018,92961.0,Automatic,224000000
Honda,MOBILIO RS 1.5,2015,73033.0,Automatic,139000000
Toyota,CALYA G 1.2,2016,59581.0,Manual,101000000
Daihatsu,AYLA R DLX 1.2,2019,80201.0,Automatic,118000000
Daihatsu,SIGRA R STD 1.2,2018,140428.0,Manual,101000000
Toyota,RUSH G 1.5,2017,89405.0,Automatic,161000000
Suzuki,ERTIGA GL 1.4,2013,77093.0,Automatic,111000000
Datsun,GO+ PANCA T 1.2,2017,46497.0,Manual,77000000
Toyota,CALYA G 1.2,2018,169351.0,Automatic,112000000
Daihatsu,ROCKY R 1.0,2021,24619.0,Manual,189000000
Daihatsu,XENIA X STD 1.3,2012,44746.0,Manual,102000000
Toyota,RAIZE TURBO G 1.0,2022,19489.0,Automatic,216000000
Toyota,KIJANG INNOVA Q 2.0,2018,53528.0,Automatic,314000000
Suzuki,ERTIGA GX 1.4,2018,79198.0,Manual,157000000
Toyota,AVANZA VELOZ 1.3,2016,172865.0,Manual,139000000
Honda,MOBILIO E 1.5,2017,59147.0,Automatic,157000000
Mitsubishi,XPANDER SPORT 1.5,2018,58752.0,Automatic,201000000
Mitsubishi,XPANDER ULTIMATE 1.5,2018,93142.0,Automatic,209000000
Mazda,CX-3 GT 2.0,2019,32130.000000000004,Automatic,323000000
Honda,BRIO E 1.2,2016,48751.0,Automatic,131000000
Mitsubishi,PAJERO SPORT DAKAR ULTIMATE 4X2 2.4,2018,73296.0,Automatic,428000000
Toyota,KIJANG INNOVA REBORN V 2.0,2017,34960.0,Automatic,278000000
Suzuki,ERTIGA SPORT GT 1.5,2019,18426.0,Manual,186000000
Toyota,AGYA G TRD SPORTIVO 1.2,2021,36037.0,Automatic,145000000
Suzuki,XL7 ALPHA 1.5,2021,26534.0,Automatic,221000000
Suzuki,BALENO HATCHBACK 1.4,2018,79665.0,Automatic,165000000
Honda,CITY RS HATCHBACK 1.5,2021,46694.0,Automatic,262000000
Toyota,KIJANG INNOVA REBORN G 2.0,2018,80809.0,Automatic,255000000
Mitsubishi,XPANDER ULTIMATE 1.5,2018,82596.0,Automatic,213000000
Wuling,ALMAZ S+T SMART ENJOY 1.5,2021,39239.0,Automatic,220000000
Suzuki,IGNIS GX AGS 1.2,2018,125114.0,Automatic,125000000
Hyundai,CRETA PRIME 1.5,2022,28896.0,Automatic,319000000
Mitsubishi,XPANDER EXCEED 1.5,2018,51387.0,Automatic,194000000
Toyota,RAIZE GR SPORT 1.0,2021,18599.0,Automatic,224000000
Toyota,KIJANG INNOVA V 2.0,2016,104055.0,Automatic,255000000
Suzuki,ERTIGA GX 1.4,2017,28466.0,Manual,154000000
Suzuki,ERTIGA DREZA 1.4,2017,77648.0,Automatic,155000000
Suzuki,BALENO HATCHBACK 1.4,2019,44979.0,Automatic,181000000
Honda,BRIO RS 1.2,2017,61782.0,Automatic,143000000
Honda,BRIO SATYA E 1.2,2019,46912.0,Automatic,156000000
Honda,BR-V E 1.5,2017,109995.0,Automatic,169000000
Suzuki,SX4 S-CROSS 1.5,2016,91268.0,Automatic,158000000
Honda,MOBILIO RS 1.5,2014,120026.0,Automatic,146000000
Hyundai,SANTA FE CRDI 2.2,2018,52497.0,Automatic,417000000
Mitsubishi,XPANDER ULTIMATE 1.5,2018,51925.0,Automatic,212000000
Nissan,X-TRAIL 2.5,2015,92536.0,Automatic,199000000
Honda,BRIO SATYA E 1.2,2017,24658.0,Automatic,137000000
Honda,BRIO SATYA E 1.2,2019,55430.0,Automatic,156000000
Honda,BRIO SATYA E 1.2,2014,40516.0,Manual,106000000
Mazda,CX-5 GT 2.5,2019,16763.0,Automatic,424000000
Toyota,AGYA G 1.0,2015,48952.0,Automatic,110000000
Honda,MOBILIO RS 1.5,2020,70213.0,Automatic,193000000
Honda,BRIO SATYA E 1.2,2020,22059.0,Automatic,162000000
Suzuki,XL7 BETA 1.5,2021,42044.0,Automatic,209000000
Mitsubishi,XPANDER ULTIMATE 1.5,2017,68413.0,Automatic,203000000
Suzuki,ERTIGA SPORT GT 1.5,2019,25127.0,Manual,187000000
Honda,BRIO RS 1.2,2020,55434.0,Automatic,181000000
Mitsubishi,XPANDER ULTIMATE 1.5,2018,50764.0,Automatic,212000000
Toyota,CALYA G 1.2,2019,90659.0,Automatic,132000000
Toyota,KIJANG INNOVA V 2.0,2013,158669.0,Automatic,178000000
Wuling,CORTEZ S T LUX 1.5,2021,26527.0,Automatic,179000000
Honda,BRIO SATYA E 1.2,2020,22928.0,Automatic,163000000
Mazda,CX-5 ELITE 2.5,2017,44889.0,Automatic,373000000
Toyota,SIENTA Q 1.5,2017,112207.0,Automatic,186000000
Honda,BRIO SATYA E 1.2,2018,35961.0,Automatic,149000000
Toyota,KIJANG INNOVA VENTURER 2.0,2018,97032.0,Automatic,324000000
Wuling,CONFERO S L 1.5,2019,67690.0,Manual,119000000
Mitsubishi,XPANDER EXCEED 1.5,2018,81128.0,Manual,191000000
Toyota,KIJANG INNOVA REBORN VENTURER GASOLINE 2.0,2017,79013.0,Automatic,317000000
Toyota,YARIS S TRD 1.5,2020,61487.0,Automatic,228000000
Honda,BRIO SATYA E 1.2,2016,97128.0,Automatic,127000000
Mitsubishi,XPANDER SPORT 1.5,2018,80941.0,Automatic,198000000
Suzuki,ERTIGA GX 1.5,2019,78531.0,Automatic,183000000
Toyota,KIJANG INNOVA REBORN G 2.0,2017,89457.0,Automatic,251000000
Toyota,SIENTA V 1.5,2017,111609.0,Automatic,174000000
Honda,BRIO RS 1.2,2020,50261.0,Automatic,185000000
Honda,BRIO SATYA E 1.2,2020,43337.0,Automatic,162000000
Honda,BR-V PRESTIGE 1.5,2019,41412.0,Automatic,210000000
Honda,CITY RS HATCHBACK 1.5,2021,30492.0,Automatic,270000000
Honda,HR-V E PLUS 1.5,2020,42850.0,Automatic,282000000
Suzuki,IGNIS GX 1.2,2017,88669.0,Manual,120000000
Nissan,X-TRAIL 2.5,2016,110956.0,Automatic,210000000
Suzuki,ERTIGA DREZA GS 1.4,2016,95539.0,Automatic,158000000
Mazda,BIANTE SKYACTIV 2.0,2017,48097.0,Automatic,223000000
Nissan,GRAND LIVINA SV 1.5,2015,104054.0,Manual,116000000
Mazda,CX-3 TOURING 2.0,2018,73975.0,Automatic,278000000
Mitsubishi,XPANDER ULTIMATE 1.5,2018,60960.0,Automatic,214000000
Nissan,MARCH 1.2,2017,57201.0,Automatic,121000000
Daihatsu,XENIA R 1.3,2017,109214.0,Automatic,138000000
Mitsubishi,XPANDER SPORT 1.5,2017,58277.0,Automatic,197000000
Suzuki,ERTIGA GX 1.5,2020,35385.0,Automatic,197000000
Daihatsu,XENIA R SPORTY 1.3,2018,70926.0,Automatic,156000000
Toyota,AVANZA G 1.3,2019,78434.0,Automatic,179000000
Honda,BRIO SATYA E 1.2,2019,79325.0,Automatic,156000000
Wuling,CONFERO S 1.5,2018,91501.0,Manual,105000000
Toyota,SIENTA G 1.5,2019,35480.0,Automatic,187000000
Honda,BRIO SATYA E 1.2,2018,81964.0,Automatic,141000000
Honda,BRIO SATYA E 1.2,2019,34001.0,Automatic,158000000
Honda,BR-V E 1.5,2019,21707.0,Automatic,203000000
Honda,MOBILIO E PRESTIGE 1.5,2014,96773.0,Automatic,138000000
Toyota,SIENTA G 1.5,2018,94182.0,Automatic,168000000
Mitsubishi,XPANDER ULTIMATE 1.5,2018,98215.0,Automatic,212000000
Daihatsu,AYLA R 1.2,2018,74372.0,Automatic,124000000
Nissan,MARCH 1.5,2014,74562.0,Automatic,126000000
Toyota,RUSH S TRD SPORTIVO 1.5,2018,30977.0,Automatic,212000000
Nissan,MARCH 1.2,2017,19223.0,Automatic,124000000
Toyota,FORTUNER VRZ GR SPORT 2.8,2022,15713.0,Automatic,542000000
Toyota,KIJANG INNOVA REBORN V 2.0,2019,65075.99999999999,Automatic,315000000
Mitsubishi,XPANDER EXCEED 1.5,2019,56425.0,Automatic,205000000
Toyota,AVANZA G 1.3,2019,58385.0,Manual,177000000
Toyota,KIJANG INNOVA G 2.0,2021,32582.0,Automatic,319000000
Honda,MOBILIO E 1.5,2014,91739.0,Automatic,132000000
Suzuki,S-PRESSO 1.0,2023,245000.0,Automatic,145000000
Toyota,KIJANG INNOVA G 2.0,2014,139609.0,Automatic,180000000
Suzuki,IGNIS GX 1.2,2017,113568.0,Automatic,129000000
Mitsubishi,XPANDER ULTIMATE 1.5,2019,71110.0,Automatic,222000000
Daihatsu,TERIOS X DLX 1.5,2020,38952.0,Automatic,204000000
Toyota,AGYA G TRD 1.2,2019,34243.0,Automatic,135000000
Honda,BRIO SATYA E 1.2,2018,40661.0,Automatic,146000000
Mitsubishi,XPANDER SPORT 1.5,2018,89474.0,Automatic,203000000
Mitsubishi,XPANDER ULTIMATE 1.5,2018,85438.0,Automatic,214000000
Mitsubishi,XPANDER ULTIMATE 1.5,2018,65729.0,Automatic,215000000
Mitsubishi,XPANDER ULTIMATE 1.5,2019,66213.0,Automatic,224000000
Mitsubishi,XPANDER ULTIMATE 1.5,2019,76021.0,Automatic,223000000
Toyota,KIJANG INNOVA Q 2.0,2016,91500.0,Automatic,285000000
Suzuki,BALENO HATCHBACK 1.4,2017,91044.0,Automatic,161000000
Toyota,KIJANG INNOVA REBORN V 2.0,2017,97991.0,Automatic,277000000
Honda,BRIO RS 1.2,2019,77208.0,Automatic,180000000
Toyota,SIENTA V 1.5,2019,43520.0,Automatic,198000000
Mitsubishi,XPANDER EXCEED 1.5,2019,64706.99999999999,Automatic,206000000
Mitsubishi,XPANDER ULTIMATE 1.5,2018,98408.0,Automatic,211000000
Toyota,AGYA G TRD 1.2,2018,44496.0,Automatic,132000000
Nissan,SERENA HIGHWAY STAR 2.0,2019,31620.0,Automatic,326000000
Toyota,RUSH S TRD SPORTIVO 1.5,2018,77776.0,Automatic,213000000
Daihatsu,XENIA R DLX 1.3,2014,48788.0,Manual,124000000
Nissan,MARCH 1.2,2013,135982.0,Automatic,96000000
Honda,MOBILIO E 1.5,2015,112025.0,Automatic,141000000
Toyota,FORTUNER VRZ 4X2 2.4,2017,95495.0,Automatic,380000000
Honda,BRIO RS 1.2,2019,64135.99999999999,Automatic,180000000
Honda,BRIO RS 1.2,2020,11320.0,Automatic,188000000
Toyota,YARIS S TRD 1.5,2018,32892.0,Automatic,211000000
Daihatsu,TERIOS ADVENTURE R 1.5,2015,110660.0,Automatic,154000000
Toyota,AVANZA VELOZ 1.3,2018,62536.0,Automatic,170000000
Toyota,RUSH S TRD SPORTIVO 1.5,2018,66337.0,Automatic,213000000
Honda,BRIO SATYA E 1.2,2020,28648.0,Automatic,166000000
Mitsubishi,PAJERO SPORT DAKAR 4X2 2.4,2018,60880.0,Automatic,429000000
Toyota,KIJANG INNOVA Q 2.0,2018,64583.0,Automatic,317000000
Daihatsu,TERIOS R DLX 1.5,2020,68981.0,Automatic,217000000
Honda,BRIO RS 1.2,2018,41984.0,Automatic,152000000
Chevrolet,SPARK PREMIER 1.4,2019,16685.0,Automatic,139000000
Nissan,LIVINA VL 1.5,2019,30482.0,Automatic,201000000
Suzuki,CARRY PICK UP 1.5,2021,1699.0,Manual,102000000
Honda,BRIO SATYA E 1.2,2018,69603.0,Automatic,155000000
Honda,BRIO SATYA E 1.2,2018,43996.0,Automatic,144000000
Mitsubishi,XPANDER ULTIMATE 1.5,2017,41790.0,Automatic,211000000
Mitsubishi,XPANDER ULTIMATE 1.5,2018,84753.0,Automatic,213000000
Toyota,AGYA G TRD SPORTIVO 1.2,2021,40040.0,Automatic,148000000
Toyota,AVANZA G 1.3,2017,88066.0,Manual,152000000
Toyota,AVANZA E 1.3,2020,52800.0,Automatic,172000000
Toyota,KIJANG INNOVA G 2.0,2016,119413.0,Automatic,242000000
Toyota,FORTUNER VRZ 4X2 2.4,2017,51475.0,Automatic,390000000
Toyota,KIJANG INNOVA REBORN G 2.0,2017,46010.0,Automatic,261000000
Honda,BRIO SATYA E 1.2,2016,15393.0,Automatic,131000000
Honda,BRIO E 1.2,2014,30466.0,Automatic,121000000
Honda,BRIO SATYA E 1.2,2020,11054.0,Automatic,164000000
Mazda,CX-5 HIGH 2.5,2014,81916.0,Automatic,200000000
Suzuki,ERTIGA SPORT GT 1.5,2019,56760.0,Automatic,201000000
Honda,BRIO SATYA E 1.2,2022,3574.0,Automatic,172000000
Toyota,RAIZE GR 1.0,2021,19809.0,Automatic,223000000
Suzuki,IGNIS GL 1.2,2018,60258.0,Automatic,130000000
Mazda,2 R SKYACTIV 1.5,2016,72706.0,Automatic,190000000
Toyota,KIJANG INNOVA G 2.0,2018,71225.0,Automatic,263000000
Honda,BR-V PRESTIGE 1.5,2019,67177.0,Automatic,213000000
Honda,BRIO SATYA E 1.2,2019,18602.0,Automatic,160000000
Daihatsu,SIGRA R STD 1.2,2020,11448.0,Manual,129000000
Honda,BRIO SATYA E 1.2,2019,56645.0,Automatic,159000000
Ford,ECOSPORT TITANIUM 1.5,2014,123661.0,Automatic,121000000
Mitsubishi,XPANDER ULTIMATE 1.5,2017,87660.0,Automatic,209000000
Nissan,GRAND LIVINA HIGHWAY STAR 1.5,2015,63625.0,Automatic,132000000
Nissan,SERENA HIGHWAY STAR 2.0,2016,108956.0,Automatic,224000000
Daihatsu,ROCKY X 1.2,2022,19031.0,Automatic,200000000
Daihatsu,SIRION 1.3,2021,13371.0,Automatic,177000000
Daihatsu,TERIOS R 1.5,2019,66848.0,Automatic,209000000
Datsun,GO PANCA T LIVE 1.2,2019,40119.0,Automatic,105000000
Honda,MOBILIO E PRESTIGE 1.5,2015,88166.0,Automatic,144000000
Honda,BRIO RS 1.2,2016,65321.0,Automatic,141000000
Mitsubishi,XPANDER ULTIMATE 1.5,2018,109127.0,Automatic,209000000
Mitsubishi,XPANDER CROSS 1.5,2019,40631.0,Automatic,235000000
Nissan,GRAND LIVINA HIGHWAY STAR AUTECH 1.5,2014,107143.0,Automatic,137000000
Nissan,GRAND LIVINA X-GEAR 1.5,2016,116892.0,Automatic,135000000
Nissan,GRAND LIVINA HIGHWAY STAR AUTECH 1.5,2017,117692.0,Automatic,148000000
Nissan,GRAND LIVINA HIGHWAY STAR AUTECH 1.5,2017,72181.0,Automatic,156000000
Suzuki,CARRY PICK UP 1.5,2020,12639.0,Manual,109000000
Mazda,CX-5 GT 2.5,2015,133948.0,Automatic,258000000
Mitsubishi,PAJERO SPORT DAKAR ULTIMATE 4X2 2.4,2019,43295.0,Automatic,443000000
Suzuki,ERTIGA GL 1.4,2017,56500.0,Manual,141000000
Honda,BRIO SATYA E 1.2,2019,38479.0,Automatic,161000000
Honda,BRIO SATYA E 1.2,2019,44459.0,Automatic,160000000
Honda,BRIO SATYA E 1.2,2019,68667.0,Automatic,159000000
Honda,BRIO RS 1.2,2020,39029.0,Automatic,185000000
Honda,BR-V E 1.5,2017,102450.0,Automatic,175000000
Mitsubishi,XPANDER EXCEED 1.5,2018,39319.0,Manual,197000000
Mitsubishi,XPANDER ULTIMATE 1.5,2018,44905.0,Automatic,212000000
Mitsubishi,XPANDER ULTIMATE 1.5,2018,46354.0,Automatic,212000000
Mitsubishi,XPANDER ULTIMATE 1.5,2018,57312.0,Automatic,212000000
Mitsubishi,XPANDER ULTIMATE 1.5,2018,47160.0,Automatic,212000000
Toyota,AVANZA G 1.3,2014,99455.0,Automatic,122000000
Toyota,AVANZA G 1.3,2018,48183.0,Automatic,161000000
Toyota,AVANZA G 1.3,2019,58620.0,Automatic,181000000
Toyota,AVANZA G 1.3,2019,38337.0,Automatic,182000000
Toyota,KIJANG INNOVA V 2.0,2016,104396.0,Manual,256000000
Toyota,CALYA G 1.2,2018,87820.0,Automatic,124000000
Toyota,KIJANG INNOVA G 2.0,2013,135311.0,Automatic,171000000
Toyota,KIJANG INNOVA REBORN G 2.4,2019,28368.0,Automatic,339000000
Toyota,RAIZE TURBO G 1.0,2021,38998.0,Automatic,210000000
Toyota,RUSH S TRD SPORTIVO 1.5,2018,78657.0,Automatic,212000000
Toyota,SIENTA V 1.5,2016,84583.0,Automatic,174000000
Toyota,SIENTA V 1.5,2018,104099.0,Automatic,186000000
Toyota,YARIS S TRD 1.5,2019,58435.0,Automatic,221000000
Mitsubishi,XPANDER SPORT 1.5,2017,41420.0,Automatic,199000000
Wuling,CONFERO S 1.5,2019,50614.0,Manual,109000000
Toyota,CALYA E 1.2,2019,77701.0,Manual,120000000
Mitsubishi,XPANDER ULTIMATE 1.5,2018,60933.0,Automatic,210000000
Suzuki,ERTIGA GX 1.5,2019,58082.0,Manual,178000000
Toyota,KIJANG INNOVA REBORN G 2.0,2019,86381.0,Automatic,281000000
Datsun,GO+ PANCA T 1.2,2016,24909.0,Manual,78000000
Mazda,2 GT 1.5,2016,82938.0,Automatic,187000000
Honda,JAZZ RS 1.5,2017,83487.0,Automatic,210000000
Nissan,LIVINA VL 1.5,2019,71142.0,Automatic,179000000
Toyota,YARIS S TRD 1.5,2018,78114.0,Automatic,202000000
Honda,BRIO SATYA E 1.2,2020,51347.0,Automatic,151000000
Honda,HR-V E 1.5,2016,93048.0,Automatic,195000000
Daihatsu,TERIOS R 1.5,2018,93935.0,Automatic,187000000
Toyota,AVANZA G 1.3,2021,40655.0,Automatic,174000000
Toyota,KIJANG INNOVA REBORN G 2.0,2017,63309.0,Manual,236000000
Nissan,LIVINA VL 1.5,2019,51618.0,Automatic,206000000
Honda,BRIO RS 1.2,2018,80163.0,Manual,134000000
Honda,MOBILIO RS 1.5,2018,36060.0,Automatic,173000000
Toyota,RUSH S TRD SPORTIVO 1.5,2018,60929.0,Manual,198000000
Honda,HR-V SE 1.5,2019,59647.0,Automatic,258000000
Daihatsu,TERIOS R 1.5,2019,53125.0,Manual,195000000
Honda,BRIO SATYA E 1.2,2018,71172.0,Automatic,136000000
Suzuki,ERTIGA GX 1.4,2014,121801.0,Automatic,129000000
Honda,MOBILIO E 1.5,2016,82137.0,Automatic,144000000
Toyota,AGYA G TRD 1.2,2019,98857.0,Automatic,128000000
Suzuki,CARRY PICK UP 1.5,2019,17670.0,Manual,92000000
Toyota,RUSH S 1.5,2014,74334.0,Manual,150000000
Daihatsu,AYLA R 1.2,2019,32662.0,Manual,116000000
Toyota,AGYA G TRD 1.2,2019,16097.000000000002,Manual,122000000
Toyota,CALYA G 1.2,2021,18150.0,Automatic,142000000
Honda,HR-V E 1.5,2021,38935.0,Automatic,282000000
Toyota,KIJANG INNOVA V 2.0,2021,10962.0,Automatic,370000000
Toyota,FORTUNER G TRD 2.5,2014,89433.0,Automatic,282000000
Honda,HR-V S 1.5,2017,70953.0,Automatic,197000000
Toyota,CALYA G 1.2,2019,71766.0,Manual,126000000
Suzuki,SX4 S-CROSS 1.5,2019,35009.0,Automatic,192000000
Suzuki,KARIMUN GS 1.0,2017,93534.0,Manual,92000000
Suzuki,ERTIGA GX 1.4,2018,85331.0,Automatic,160000000
Toyota,CALYA G 1.2,2016,84104.0,Manual,108000000
Daihatsu,TERIOS TX 1.5,2014,101930.0,Manual,141000000
Daihatsu,SIGRA X 1.2,2020,38327.0,Automatic,131000000
Wuling,ALMAZ LT LUX 1.5,2019,53501.0,Automatic,203000000
Daihatsu,XENIA R 1.3,2014,94869.0,Manual,116000000
Daihatsu,AYLA R 1.2,2018,60702.0,Manual,111000000
Honda,CITY RS HATCHBACK 1.5,2021,41113.0,Automatic,262000000
Honda,BR-V E 1.5,2019,74754.0,Automatic,194000000
Toyota,CALYA G 1.2,2017,67611.0,Manual,113000000
Suzuki,ERTIGA SPORT GT 1.5,2019,96327.0,Automatic,192000000
Suzuki,IGNIS GL 1.2,2018,30115.0,Automatic,126000000
Toyota,CALYA G 1.2,2016,74535.0,Manual,106000000
Mazda,2 GT SKYACTIV 1.5,2018,45975.0,Automatic,209000000
Toyota,AVANZA VELOZ 1.5,2020,28514.0,Manual,197000000
Toyota,AVANZA VELOZ 1.5,2021,61458.0,Automatic,222000000
Honda,BRIO SATYA E 1.2,2021,49424.0,Automatic,164000000
Suzuki,IGNIS GX 1.2,2019,64346.0,Automatic,141000000
Honda,HR-V E 1.5,2017,61785.0,Automatic,219000000
Honda,MOBILIO S 1.5,2020,50241.0,Manual,164000000
Toyota,CALYA G 1.2,2019,54702.0,Manual,122000000
Toyota,YARIS S TRD 1.5,2018,68648.0,Manual,183000000
Mitsubishi,XPANDER ULTIMATE 1.5,2017,59729.0,Automatic,207000000
Honda,CIVIC FB2 1.8,2015,57589.0,Automatic,199000000
Toyota,RAIZE GR TWO TONE 1.0,2021,15274.0,Automatic,224000000
Toyota,CALYA G 1.2,2016,103238.0,Automatic,113000000
Honda,BRIO SATYA E 1.2,2018,69956.0,Manual,128000000
Honda,MOBILIO E 1.5,2018,51833.0,Automatic,164000000
Honda,HR-V E 1.5,2019,39444.0,Automatic,265000000
Mitsubishi,XPANDER SPORT 1.5,2019,50068.0,Manual,200000000
Honda,BRIO SATYA E 1.2,2019,40564.0,Automatic,154000000
Toyota,RUSH S TRD SPORTIVO 1.5,2020,9823.0,Manual,234000000
Suzuki,ERTIGA DREZA 1.4,2017,28515.0,Manual,151000000
Toyota,AGYA G TRD 1.2,2020,21982.0,Manual,130000000
Toyota,RUSH S GR SPORT 1.5,2021,34441.0,Automatic,242000000
Suzuki,XL7 ZETA GL 1.5,2020,37694.0,Automatic,188000000
Suzuki,XL7 BETA 1.5,2021,55142.0,Automatic,208000000
Toyota,AGYA G 1.2,2019,68632.0,Automatic,128000000
Honda,BRIO SATYA E 1.2,2018,50958.0,Manual,126000000
Honda,BRIO SATYA E 1.2,2020,55045.0,Automatic,160000000
Nissan,X-TRAIL URBAN SELECTION 2.5,2014,79564.0,Automatic,173000000
Toyota,CALYA G 1.2,2022,4994.0,Automatic,151000000
Daihatsu,AYLA X 1.0,2018,64066.99999999999,Manual,99000000
Toyota,CALYA G 1.2,2020,46550.0,Automatic,137000000
Toyota,CALYA G 1.2,2020,36219.0,Automatic,142000000
Honda,BRIO RS 1.2,2019,48518.0,Automatic,178000000
Honda,HR-V E 1.5,2017,73730.0,Automatic,219000000
Nissan,JUKE 1.5,2014,107104.0,Automatic,146000000
Toyota,AGYA G TRD 1.2,2018,45947.0,Automatic,127000000
Toyota,RUSH S TRD SPORTIVO 1.5,2018,34555.0,Automatic,214000000
Honda,BRIO SATYA E 1.2,2019,16469.0,Manual,141000000
Toyota,CALYA G 1.2,2016,65072.99999999999,Manual,108000000
Daihatsu,AYLA X 1.0,2014,100418.0,Manual,84000000
Mitsubishi,XPANDER ULTIMATE 1.5,2018,80976.0,Automatic,213000000
Daihatsu,ROCKY X 1.2,2021,40066.0,Automatic,191000000
Honda,MOBILIO S 1.5,2018,34932.0,Manual,145000000
Toyota,AVANZA VELOZ 1.5,2017,93580.0,Automatic,164000000
Suzuki,IGNIS GX 1.2,2019,54231.0,Automatic,134000000
Toyota,AVANZA E 1.3,2018,128262.0,Automatic,130000000
Daihatsu,SIRION M602RS 1.3,2017,86506.0,Automatic,124000000
Daihatsu,AYLA X 1.0,2018,72413.0,Manual,91000000
Daihatsu,SIRION M602RS 1.3,2012,87631.0,Automatic,88000000
Honda,MOBILIO E 1.5,2017,63267.0,Automatic,154000000
Honda,HR-V E 1.5,2019,58950.0,Automatic,264000000
Toyota,KIJANG INNOVA REBORN G 2.4,2019,57910.0,Automatic,340000000
Toyota,CALYA G 1.2,2017,92204.0,Automatic,120000000
Honda,BRIO SATYA E 1.2,2019,46521.0,Automatic,156000000
Daihatsu,XENIA R STD 1.3,2019,33937.0,Manual,168000000
Honda,BR-V E 1.5,2018,66961.0,Automatic,184000000
Mitsubishi,XPANDER ULTIMATE 1.5,2019,28437.0,Automatic,222000000
Mitsubishi,XPANDER ULTIMATE 1.5,2018,54260.0,Automatic,213000000
Toyota,FORTUNER G 2.5,2014,95458.0,Automatic,274000000
Nissan,MARCH L 1.2,2016,89734.0,Automatic,112000000
Suzuki,SX4 S-CROSS 1.5,2018,93404.0,Automatic,184000000
Toyota,YARIS S TRD 1.5,2021,14736.0,Automatic,244000000
Toyota,SIENTA Q 1.5,2017,58365.0,Automatic,187000000
Toyota,CALYA G 1.2,2019,53807.0,Manual,121000000
Suzuki,KARIMUN GL 1.0,2015,67265.0,Automatic,86000000
Daihatsu,ROCKY R 1.0,2021,37472.0,Automatic,220000000
Datsun,CROSS 1.2,2018,48865.0,Automatic,112000000
Honda,BRIO SATYA S 1.2,2016,28625.0,Manual,112000000
Nissan,GRAND LIVINA SV 1.5,2013,109026.0,Automatic,95000000
Honda,BR-V PRESTIGE 1.5,2020,43749.0,Automatic,214000000
Mazda,2 GT SKYACTIV 1.5,2015,66182.0,Automatic,181000000
Mitsubishi,XPANDER ULTIMATE 1.5,2018,63203.0,Automatic,210000000
Wuling,ALMAZ LT LUX 1.5,2019,49088.0,Automatic,204000000
Nissan,X-TRAIL 2.5,2015,67756.0,Automatic,209000000
Mitsubishi,COLT L300 PICK UP 2.5,2022,1065.0,Manual,177000000
Suzuki,SX4 S-CROSS 1.5,2016,76606.0,Automatic,160000000
Honda,BRIO SATYA E 1.2,2017,64556.0,Automatic,132000000
Mitsubishi,PAJERO SPORT DAKAR 4X2 2.4,2016,28906.0,Automatic,404000000
Honda,FREED E 1.5,2010,170021.0,Automatic,129000000
Suzuki,SX4 S-CROSS 1.5,2022,10206.0,Automatic,241000000
Toyota,AVANZA G 1.3,2018,24873.0,Automatic,160000000
Mazda,CX-5 ELITE 2.5,2019,29440.0,Automatic,433000000
Toyota,SIENTA G 1.5,2017,70529.0,Automatic,163000000
Daihatsu,SIGRA M 1.0,2019,18826.0,Manual,109000000
Daihatsu,SIGRA R 1.2,2022,8817.0,Manual,136000000
Honda,BRIO SATYA E 1.2,2016,97829.0,Manual,118000000
Honda,BRIO SATYA E 1.2,2018,61043.0,Automatic,142000000
Mazda,2 R 1.5,2019,37929.0,Automatic,220000000
Toyota,AGYA G TRD SPORTIVO 1.2,2021,39599.0,Automatic,147000000
Nissan,GRAND LIVINA HIGHWAY STAR 1.5,2015,60480.0,Automatic,131000000
Nissan,X-TRAIL 2.0,2016,62427.0,Automatic,199000000
Honda,CR-V TURBO PRESTIGE 1.5,2018,84641.0,Automatic,382000000
Toyota,AVANZA G 1.3,2014,104117.0,Manual,122000000
Bmw,3 20I (CKD) 2.0,2019,47554.0,Automatic,446000000
Nissan,MARCH 1.5,2015,37414.0,Manual,113000000
Suzuki,CARRY PICK UP 1.5,2021,12191.0,Manual,118000000
Toyota,AGYA G 1.0,2015,57783.0,Automatic,100000000
Suzuki,IGNIS GX 1.2,2019,20613.0,Automatic,145000000
Daihatsu,SIGRA R STD 1.2,2019,40938.0,Manual,122000000
Toyota,KIJANG INNOVA REBORN G 2.0,2019,44322.0,Automatic,278000000
Nissan,MARCH 1.2,2016,72140.0,Manual,101000000
Honda,BRIO E 1.3,2012,88614.0,Manual,102000000
Daihatsu,SIGRA R STD 1.2,2018,12934.0,Manual,117000000
Mitsubishi,XPANDER ULTIMATE 1.5,2019,51777.0,Automatic,222000000
Toyota,AVANZA G 1.3,2011,66609.0,Manual,100000000
Honda,BRIO RS 1.2,2016,40559.0,Automatic,142000000
Honda,BRIO RS 1.2,2018,54763.0,Automatic,155000000
Honda,MOBILIO E 1.5,2017,93915.0,Automatic,159000000
Toyota,RUSH S TRD SPORTIVO 1.5,2019,39522.0,Automatic,224000000
Toyota,SIENTA Q 1.5,2017,66910.0,Automatic,191000000
Daihatsu,SIGRA R DLX 1.2,2017,58351.0,Automatic,121000000
Suzuki,XL7 ZETA GL 1.5,2020,35449.0,Automatic,192000000
Honda,BRIO SATYA E 1.2,2020,19331.0,Automatic,165000000
Toyota,RUSH S TRD SPORTIVO 1.5,2018,81269.0,Automatic,210000000
Suzuki,CARRY PICK UP 1.5,2022,14081.0,Manual,110000000
Suzuki,IGNIS GX 1.2,2017,81783.0,Automatic,131000000
Mazda,2 GT 1.5,2016,53270.0,Automatic,184000000
Suzuki,XL7 ALPHA 1.5,2020,52960.0,Automatic,218000000
Nissan,LIVINA VL 1.5,2019,39145.0,Automatic,202000000
Honda,FREED S 1.5,2013,91567.0,Automatic,158000000
Toyota,AGYA G 1.2,2018,60588.0,Automatic,122000000
Toyota,AVANZA VELOZ 1.5,2020,50137.0,Automatic,204000000
Toyota,RAIZE GR SPORT TSS 1.0,2021,32287.999999999996,Automatic,234000000
Toyota,AGYA G TRD 1.2,2019,26474.0,Automatic,136000000
Hyundai,STARGAZER PRIME 1.5,2022,2651.0,Automatic,246000000
Toyota,CALYA G 1.2,2017,34349.0,Manual,116000000
Daihatsu,XENIA R SPORTY 1.3,2017,90740.0,Manual,149000000
Mazda,CX-5,2016,72000.0,Automatic,295000000
Mazda,3 5 HB 6E,2016,55000.0,Automatic,340000000
Mazda,CX 5,2014,95000.0,Automatic,287000000
Hyundai,I-20,2010,100000.0,Automatic,85000000
Range Rover,RANGE ROVER 4.2L V8 AT,2007,95.0,Automatic,535000000
Range Rover,RANGE ROVER SPORT HSE,2014,43000.0,Automatic,1250000000
Jeep,GRAND CHEROKEE 5.7AT,2011,45000.0,Automatic,425000000
Jeep,JK WRANGLER SAHARA,2012,51000.0,Automatic,775000000
Chevrolet,TRAX,2017,42000.0,Automatic,205000000
Jaguar,XF 3.0 V6 AT,2011,75000.0,Automatic,289000000
Vw,TOUAREG 2.5L AT,2006,55000.0,Automatic,215000000
Mazda,BIANTE 2.0L,2015,55000.0,Automatic,192000000
Ford,MUSTANG 2.3L ECOBOOST,2016,80000.0,Automatic,1020000000
Porsche,MACAN,2015,40000.0,Automatic,890000000
Lexus,RX 300 LUXURY,2020,9000.0,Automatic,1290000000
Lexus,LX 570,2017,35000.0,Automatic,2400000000
Audi,Q7 3.0 TFSI AT,2011,120.0,Automatic,323000000
Bmw,320I SPORT,2020,12000.0,Automatic,815000000
Bmw,X7,2020,4000.0,Automatic,2275000000
Bmw,528 I AT,1997,160000.0,Automatic,650000000
Bmw,320I,2015,38000.0,Automatic,360000000
Bmw,320I,2014,42000.0,Automatic,338000000
Bmw,320I E90,2010,56000.0,Automatic,222000000
Bmw,520I G30,2018,40000.0,Automatic,779000000
Mercedes Benz,E 300 AT (CKD),2012,49000.0,Automatic,375000000
Mercedes Benz,R350 L AT,2007,90000.0,Automatic,285000000
Mercedes Benz,300 GE,1993,130000.0,Automatic,875000000
Mercedes Benz,S 350 L,2012,40000.0,Automatic,530000000
Mercedes Benz,SLK250,2012,35000.0,Automatic,675000000
Mercedes Benz,SLK 200 CGI,2012,30000.0,Automatic,555000000
Mercedes Benz,E 250,2017,75000.0,Automatic,588000000
Mercedes Benz,C 250 AT,2015,70000.0,Automatic,560000000
Mercedes Benz,C 200,2017,60000.0,Automatic,615000000
Datsun,GO PANCA,2014,49000.0,Automatic,125000000
Wuling,CONFERO 1.5,2021,50000.0,Automatic,108000000
Wuling,ALMAZ1.5S,2021,25000.0,Automatic,214999000
Nissan,NEW TERRAE2.5,2019,44000.0,Automatic,340000000
Nissan,LIVINA EL 1.5,2019,74000.0,Automatic,178000000
Nissan,SERENA2.0HWSTAR,2013,125000.0,Automatic,158000000
Nissan,JUKE 1.5,2018,95000.0,Automatic,178000000
Nissan,JUKE 1.5,2016,80000.0,Automatic,168000000
Nissan,JUKE 1.5,2014,145000.0,Automatic,135000000
Nissan,SERENA 2.0,2013,96000.0,Automatic,140000000
Nissan,JUKE 1.5 RX,2012,130000.0,Automatic,135000000
Nissan,X-TRAIL 2.5,2014,75000.0,Automatic,185000000
Nissan,X-TRAIL 2.5,2014,120000.0,Automatic,178000000
Nissan,GR LIVINA 1.5,2016,70000.0,Automatic,125000000
Nissan,SERENA2.0,2014,90000.0,Automatic,180000000
Suzuki,ARK415F GT,2019,25000.0,Automatic,189000000
Suzuki,ARK415F GX,2019,50000.0,Automatic,180000000
Suzuki,AVI414F,2013,100000.0,Manual,115000000
Suzuki,APV GC 415V,2009,110000.0,Automatic,85000000
Suzuki,GC415V APV,2010,110000.0,Automatic,90000000
Suzuki,ALL NEW BALENO,2017,100000.0,Automatic,163000000
Suzuki,ALL NEW BALENO,2019,20000.0,Automatic,175000000
Suzuki,BALENO NEXT-G,2003,112000.0,Automatic,62500000
Mitsubishi,OUTLANDER SPORT PX 2.0,2017,57000.0,Automatic,235000000
Mitsubishi,OUTL SP2.0L GLS4X2,2013,140000.0,Automatic,140000000
Mitsubishi,XPANDER15LSPORT,2018,60000.0,Automatic,205000000
Mitsubishi,XPANDER15LGLS,2019,30000.0,Automatic,175000000
Mitsubishi,XPANDER15LULT,2019,16000.0,Automatic,230000000
Mitsubishi,XPANDER ULTIMATE,2019,38000.0,Automatic,208000000
Mitsubishi,XPAND1.5LULT,2018,30000.0,Automatic,229000000
Mitsubishi,XPANDER15LSPORT,2019,55000.0,Automatic,210000000
Mitsubishi,XPANDER SPORT,2019,26000.0,Automatic,200000000
Mitsubishi,XPANDER15LSPORT,2019,30000.0,Automatic,195000000
Mitsubishi,XPANDER CROSS PREM,2020,16000.0,Automatic,275000000
Mitsubishi,MIRAGE EXCEED,2013,70000.0,Automatic,110000000
Daihatsu,GRAN MAX D 1.3,2017,178000.0,Automatic,107500000
Daihatsu,SIGRA X 1.2,2018,61000.0,Automatic,115000000
Daihatsu,GRAN MAX D 1.5,2019,80000.0,Manual,132500000
Daihatsu,SIGRA R DELUXE 1.2,2017,94000.0,Manual,109500000
Daihatsu,GRAN MAX D FRONT FACING 1.3,2018,138000.0,Manual,115000000
Daihatsu,AYLA1.0XAT(B100GQQFJ,2016,60.0,Automatic,103000000
Daihatsu,GRAN MAX D 1.5,2016,103000.0,Manual,107500000
Daihatsu,SIGRA X 1.2,2016,135000.0,Automatic,105000000
Daihatsu,TER15RF,2016,78000.0,Automatic,145000000
Daihatsu,TERIOS F700RG,2012,107000.0,Automatic,123000000
Daihatsu,GRAN MAX D FRONT FACING 1.3,2018,106000.0,Manual,115000000
Daihatsu,GREAT NEW XENIA R SPORTY 1.3,2017,67000.0,Manual,148000000
Daihatsu,AYLA1.0M,2018,17000.0,Automatic,95000000
Daihatsu,TERIOS F700RG,2013,120000.0,Automatic,120000000
Daihatsu,B401RS,2019,25000.0,Automatic,122000000
Daihatsu,XEN13XMT,2018,40000.0,Automatic,133000000
Daihatsu,LUXIO 1.5,2009,115000.0,Automatic,99000000
Daihatsu,F651RV,2013,70000.0,Manual,99000000
Daihatsu,XEN13RMT,2018,65000.0,Manual,135000000
Daihatsu,B100RS,2014,65000.0,Automatic,87000000
Daihatsu,TERI15,2019,75000.0,Automatic,189000000
Daihatsu,AYLA12X,2022,30000.0,Automatic,130000000
Daihatsu,TER15RF700R,2017,60000.0,Manual,161000000
Daihatsu,XEN15RMT,2020,30000.0,Manual,160000000
Daihatsu,B401RS,2017,50000.0,Manual,101000000
Daihatsu,AYLA12R,2018,30000.0,Automatic,110000000
Honda,JAZZ S CVT 1.5,2018,59000.0,Automatic,185500000
Honda,MOBILIO E CVT 1.5,2016,116000.0,Automatic,142000000
Honda,JAZZ GK5,2020,15000.0,Automatic,250000000
Honda,ACCORD CP2 2.4,2013,82000.0,Automatic,205000000
Honda,BRIO SATYA1.2,2016,30000.0,Automatic,127000000
Honda,JAZZ GK5 15RS,2014,93000.0,Automatic,178000000
Honda,CR-V 2.0,2018,60000.0,Automatic,323000000
Honda,CRV RE1 2WD2.4,2011,125000.0,Automatic,145000000
Honda,CRV RM3,2015,115000.0,Automatic,262000000
Honda,CRV RM1 2WD2.0,2012,63000.0,Automatic,185000000
Honda,BRIOSATYADD1 12E,2015,74000.0,Manual,110000000
Honda,HONDAHRVRU518,2017,70000.0,Automatic,269000000
Honda,JAZZ GK5 15RS,2016,55000.0,Manual,185000000
Honda,ACCORD CP2 2.4,2012,120000.0,Automatic,169000000
Honda,BRIO DD2 1.3,2012,98000.0,Automatic,102000000
Honda,H MOBDD4 1.5,2014,54000.0,Automatic,128000000
Honda,H MOBDD4 1.5,2016,70000.0,Automatic,137000000
Honda,HONDA BRV,2017,80000.0,Automatic,175000000
Honda,HONDAHRVRU518,2017,35000.0,Automatic,265000000
Honda,HONDAHRVRU115,2015,76000.0,Automatic,195000000
Honda,JAZZ GK5 15RS,2016,57000.0,Automatic,195000000
Honda,FREED GB3 1.5,2015,85000.0,Automatic,180000000
Honda,BRIO SATYA1.2,2019,50000.0,Automatic,150000000
Honda,H MOBDD4 1.5,2014,75000.0,Automatic,119000000
Honda,ONDA BR-V1.5,2017,65000.0,Automatic,170000000
Honda,BRIO SATYA1.2,2020,75000.0,Automatic,152000000
Honda,H MOBDD4 1.5,2014,70000.0,Automatic,127000000
Honda,FREED GB 3,2012,110000.0,Automatic,158000000
Honda,JAZZ GE8 1.5E,2013,80000.0,Automatic,143500000
Honda,ACCORD CR2 2.4,2017,70000.0,Automatic,305000000
Honda,JAZZ GE8 1.5S,2011,120000.0,Automatic,117000000
Honda,HONDAHRVRU115,2016,90000.0,Automatic,195000000
Honda,BRIO SATYA1.2,2019,30000.0,Automatic,145000000
Honda,HRV E CVT,2016,60000.0,Automatic,225000000
Honda,JAZZ RS,2013,70000.0,Automatic,180000000
Honda,CRV 2.0,2003,145000.0,Automatic,84500000
Honda,CRV 2.0,2004,160000.0,Automatic,83500000
Honda,CRV 2.0,2003,158000.0,Automatic,83500000
Honda,CITY GD8,2007,133000.0,Automatic,84500000
Honda,ACCORD,2004,140000.0,Automatic,83000000
Honda,CIVIC,1997,160000.0,Manual,78000000
Toyota,CALYA G 1.2,2017,144000.0,Automatic,117000000
Toyota,GRAND AVANZA G 1.3,2019,102000.0,Manual,170000000
Toyota,GRAND NEW AVANZA VELOZ 1.5,2017,85000.0,Automatic,165000000
Toyota,CALYA G 1.2,2008,103000.0,Automatic,122000000
Toyota,GRAND NEW AVANZA G 1.3,2018,122000.0,Manual,157500000
Toyota,GRAND NEW AVANZA G 1.3,2017,92000.0,Manual,150000000
Toyota,LC 100 4.7 AT,2004,145000.0,Automatic,475000000
Toyota,HARRIER 2.4L 2WD AT,2006,150000.0,Automatic,159000000
Toyota,ESTIMA 2.4 2WD AT,2007,115000.0,Automatic,145000000
Toyota,KIJANG INNOVA REBORN G 2.0,2018,98000.0,Automatic,260000000
Toyota,ALL NEW CALYA G 1.2,2021,56000.0,Automatic,147000000
Toyota,RUSH S TRD SPORTIVO 1.5,2017,43000.0,Automatic,177500000
Toyota,GRAND AVANZA G 1.3,2019,92000.0,Manual,172500000
Toyota,GRAND NEW AVANZA E 1.3,2018,134000.0,Automatic,142500000
Toyota,KIJANG INNOVA REBORN V 2.0,2019,83000.0,Automatic,300000000
Toyota,CALYA G 1.2,2018,51000.0,Automatic,122500000
Toyota,YARIS 1.5 S,2016,55.0,Automatic,175000000
Toyota,FORTUNER2.7SRZ,2018,98000.0,Automatic,385000000
Toyota,RUSH 1.5 G,2019,73000.0,Automatic,205000000
Toyota,INNOVA VENTURER2.0,2017,118500.0,Automatic,295000000
Toyota,CAMRY 2.5G,2017,78000.0,Automatic,240000000
Toyota,SIENTA 1.5,2018,95000.0,Automatic,180000000
Toyota,COROLA ALTIS 1.8V,2019,46000.0,Automatic,350000000
Toyota,KIJANG INNOVA REBORN G 2.0,2017,57000.0,Manual,232000000
Toyota,GRAND NEW AVANZA G 1.3,2018,142000.0,Manual,157500000
Toyota,NEW VIOS G 1.5,2016,114000.0,Automatic,152000000
Toyota,KIJANG INNOVA REBORN G 2.0,2018,40000.0,Automatic,260000000
Toyota,AVANZA G 2018,2018,57000.0,Manual,150000000
Toyota,AVANZA VELOZ,2017,40000.0,Automatic,155000000
Toyota,CALYA G,2021,33000.0,Automatic,139000000
Toyota,YARIS 1.5 S,2017,75000.0,Automatic,185000000
Toyota,AVANZA 1.5 VELOZ,2017,70000.0,Automatic,158000000
Toyota,KIJANG INNOVA2.0G,2019,45000.0,Automatic,285000000
Toyota,ALPHARD 2.4X,2012,65000.0,Automatic,248000000
Toyota,KIJANG INNOVA2.0,2017,39000.0,Automatic,288000000
Toyota,AVANZA 1500,2010,130000.0,Automatic,100000000
Toyota,AVANZA 1.5 VELOZ,2020,75000.0,Automatic,195000000
Toyota,RUSH 1.5 G,2018,80000.0,Automatic,195000000
Toyota,VIOS 1.5 G,2018,75000.0,Automatic,170500000
Toyota,CAMRY 2.5V,2018,75000.0,Automatic,300000000
Toyota,ALPHARD G,2017,45000.0,Automatic,800000000
Toyota,NEW AVANZ VELOZ1.5,2013,95000.0,Automatic,120000000
Toyota,COROLA ALTIS 1.8V,2020,16000.0,Automatic,399900000
Toyota,NEW AVANZA 1.3G,2012,185000.0,Automatic,113000000
Toyota,KIJANG INNOVA G,2013,128000.0,Automatic,159000000
Toyota,RUSH 1.5S,2021,17000.0,Automatic,250000000
Toyota,VIOS 1.5G,2012,120000.0,Automatic,110000000
Toyota,B401RAGMZFJ,2018,120000.0,Manual,109000000
Toyota,RUSH 1.5 S,2019,40000.0,Automatic,225000000
Toyota,RUSH 1.5S,2022,10000.0,Automatic,237000000
Toyota,AGYA 1.2 G,2019,40000.0,Manual,114000000
Toyota,RUSH 1.5S,2020,30000.0,Automatic,223000000
Toyota,CAMRY 2.5V AT,2017,90000.0,Automatic,263000000
Toyota,SIENTA 1.5,2016,70000.0,Automatic,170000000
Toyota,ETIOS 1.2 G,2013,90000.0,Manual,85000000
Toyota,B401RAGMQFJ(CAL12E,2017,70000.0,Manual,101000000
Toyota,ALPHARD 2.4X,2011,120000.0,Automatic,225000000
Toyota,VOXY20,2019,40000.0,Automatic,385000000
Toyota,ALPHARD 2.4X,2012,120000.0,Automatic,275000000
Toyota,VELLFIRE 2.5 G,2015,100000.0,Automatic,750000000
Toyota,COROLLA ALL NEW,1999,60000.0,Manual,66500000
Hyundai,PALISADE SIGNATURE,2021,26000.0,Automatic,735000000
Hyundai,TUCSON,2018,38000.0,Automatic,305000000
Hyundai,H1 ROYALE,2016,80000.0,Automatic,305000000
Isuzu,TBR 54F TURBO LV,2012,80000.0,Manual,138000000
Mitsubishi,PAJ SPO25 HPE4X2,2015,80000.0,Automatic,310000000
Mitsubishi,PAJ SPO24L,2019,70000.0,Automatic,448000000
Mitsubishi,PAJSPO24LDAKARK2W8,2019,70000.0,Automatic,450000000
Toyota,FORTUNER 2.5,2015,85000.0,Automatic,305000000
Toyota,VOXY20,2018,59000.0,Automatic,368000000
Toyota,KIJANG INNOVA 2.0 G,2012,90000.0,Automatic,155000000
Toyota,INNOVA G,2013,98000.0,Manual,220000000
Toyota,FORTUNER 2.5,2015,130000.0,Automatic,295000000
Toyota,K INNOVA G DIESEL,2012,120000.0,Manual,182000000
Toyota,K INNOVA G DIESEL,2013,120000.0,Automatic,196000000
